acois:C. Aaron Cois:cacst11+@pitt.edu
aborning:Andrea Borning:aborning@insightful.com
alyassin:Majeid Alyassin:alyassin@crd.ge.com
anonymous:noone:nowhere@nowhere.com
avants:Brian Avants:avants@gradient.cis.upenn.edu
aylward:Stephen Stephen:aylward@unc.edu
blezek:Dan Blezek:blezek@crd.ge.com
blue:Rusty Blue:blue@crd.ge.com
bwyman:bwyman@insightful.com
cates:Josh Cates:cates@cs.utah.edu
celina:Celina  Imielinska:ci42@columbia.edu
chandra:Parag Chandra:chandra@cs.unc.edu
chenting:Ting Chen:chenting@graphics.cis.upenn.edu
gee:Jim Gee:gee@rad.upenn.edu
hoffman:Bill Hoffman:bill.hoffman@kitware.com
hughett:Paul Hughett:hughett@mercur.uphs.upenn.edu
ibanez:Luis Ibanez:luis.ibanez@kitware.com
jin:Yinpeng Jin:yj76@columbia.edu
jjomier:Julien Jomier:jjomier@cs.unc.edu
jrgold:Jill Goldschneider:jrgold@insightful.com
jisung:Jisung Kim:bahrahm@yahoo.com
king:Brad King:brad.king@kitware.com
lawcc:Charles Law:charles.law@kitware.com
lng:Lydia Ng:lng@insightful.com
lorensen:Bill Lorensen:lorensen@crd.ge.com
mackelfr:Andrew MacKelfresh:mackelfr@rad.unc.edu
montillo:Albert Montillo:montillo@gradient.cis.upenn.edu
martink:Ken Martin:ken.martin@kitware.com
millerjv:Jim Miller:millerjv@crd.ge.com
noe:Aljaz Noe:noe@grasp.cis.upenn.edu
parks:Sungwook Parks:parks@cs.unc.edu
ratiu:Peter Ratiu:ratiu@bwh.harvard.edu
rondot:Pascale Rondot:rondot@crd.ge.com
shelton:Damion Shelton:dmshelto@andrew.cmu.edu
siqueira:Marcelo Siqueira:marcelos@gradient.cis.upenn.edu
spathak:Sayan Pathak:spathak@insightful.com
stetten:George Stetten:george@stetten.com
tamburo:Robert Tamburo:rjtst21@pitt.edu
tessa:Tessa Sundaram:tessa@mail.med.upenn.edu
turek:Matt Turek:turekm@cs.rpi.edu
turner:Wes Turner:turner@crd.ge.com
vikram:Vikram Chalana:vikram@insightful.com
whitaker:Ross Whitaker:whitaker@serrano.cs.utah.edu
wilson:Wilson Chang:wmcst6@pitt.edu
will:Will Schroeder:will.schroeder@kitware.com
ying:Ying Zhuge:zhuge@mipg.upenn.edu
yoo:Terry S. Yoo:yoo@nlm.nih.gov
xwxue:Xinwei Xue:xwxue@cs.utah.edu
jtduda::jtduda@seas.upenn.edu
piloo:Jean-Philippe Guyon:<piloo@unc.edu>
foskey:Mark Foskey:foskey@cs.unc.edu
darbyb:Darby Brown:darbyb@cs.utah.edu
tolga:Tolga Tasdizen:tolga@sci.utah.edu
vmagnotta:Vincent A. Magnotta:vincent-magnotta@uiowa.edu
kentwilliams:Kent Williams:kent@mail.psychiatry.uiowa.edu
raul:Raul San-Jose:rjosest@bwh.harvard.edu
quaeler:loki der quaeler:loki@weltschmerz.org
galeotti:John M. Galeotti:jgaleotti@cmu.edu
padfield:Dirk Padfield:padfield@research.ge.com
pauly:Paul A. Yushkevich:pauly@cognitica.com
drueckert:Daniel Rueckert:dr@doc.ic.ac.uk
hipwell:John Hipwell:john.hipwell@kcl.ac.uk
rchandra:Raghavendra Chandrashekara:rc3@doc.ic.ac.uk
